email,password,first_name,last_name,bio,date_of_birth,phone,skype,other_messenger,location_id,profile_views,last_active_at,created_at,updated_at
jburbudge0@twitpic.com,RY8hMLH,Jessy,Burbudge,,1998-07-22,,,,168,423,2019-09-09 01:28:24,2019-08-02 19:05:21,2019-08-02 19:05:21
mnewe1@quantcast.com,MjZROGqeYF,Mella,Newe,,1990-10-27,3099135873,,egestas_metus,188,431,2019-10-09 06:54:17,2019-07-31 00:01:15,2019-07-31 00:01:15
clanney2@google.com,rbXs8yl0k,Carina,Lanney,,1995-06-01,4222548623,,,64,493,2019-09-08 05:11:18,2019-06-12 12:28:06,2019-06-12 12:28:06
mmusgrove3@hubpages.com,TZFsuIsd,Maye,Musgrove,"Nam congue, risus semper porta volutpat, quam pede lobortis ligula, sit amet eleifend pede libero quis orci. Nullam molestie nibh in lectus.",1998-04-12,8238277277,solarbreeze,,253,318,2019-09-12 02:38:08,2019-07-20 04:44:48,2019-07-20 04:44:48
temmins4@nydailynews.com,5OLgTG,Tera,Emmins,"Fusce consequat. Nulla nisl. Nunc nisl. Duis bibendum, felis sed interdum venenatis, turpis enim blandit mi, in porttitor pede justo eu massa.",2003-08-12,9575976162,home_ing,,727,259,2019-09-05 01:15:19,2019-07-04 17:10:08,2019-07-04 17:10:08
efluger5@artisteer.com,a93ywctafu,Elli,Fluger,"Sed sagittis. Nam congue, risus semper porta volutpat, quam pede lobortis ligula, sit amet eleifend pede libero quis orci.",1990-02-06,6948034166,fix-san,,495,37,2019-10-27 17:03:44,2019-07-09 02:05:43,2019-07-09 02:05:43
achristophersen6@hc360.com,7th9G9O,Ardra,Christophersen,"Vivamus vel nulla eget eros elementum pellentesque. Quisque porta volutpat erat. Quisque erat eros, viverra eget, congue eget, semper rutrum, nulla. Nunc purus. Phasellus in felis.",2001-03-24,,,,844,449,2019-10-21 04:53:17,2019-07-06 02:57:04,2019-07-06 02:57:04
ktrelevan7@canalblog.com,mEwpTXpvjx,Karrie,Trelevan,Sed ante. Vivamus tortor. Duis mattis egestas metus.,1993-05-12,8293775519,,,368,18,2019-10-10 03:54:36,2019-07-30 10:25:59,2019-07-30 10:25:59
ccowope8@sphinn.com,PCtozqwL,Corabella,Cowope,"Aenean lectus. Pellentesque eget nunc. Donec quis orci eget orci vehicula condimentum. Curabitur in libero ut massa volutpat convallis. Morbi odio odio, elementum eu, interdum eu, tincidunt in, leo.",1988-04-19,8906910563,,,320,471,2019-10-25 01:09:56,2019-08-21 01:46:32,2019-08-21 01:46:32
kgwynne9@cnn.com,wLX2EY81A4Q,Kesley,Gwynne,,1993-01-16,8593489418,,,863,354,2019-09-21 04:29:45,2019-07-15 07:01:06,2019-07-15 07:01:06
lherkessa@psu.edu,l01QHsCQRVwK,Ladonna,Herkess,Ut tellus. Nulla ut erat id mauris vulputate elementum. Nullam varius. Nulla facilisi.,1977-03-18,9764874604,tempsoft,,868,61,2019-10-01 17:07:37,2019-06-22 19:37:18,2019-06-22 19:37:18
ebeethamb@ehow.com,3AdW08ctSQ5,Ebony,Beetham,Nulla tellus.,1988-05-26,5656816660,biodex,,993,290,2019-08-26 20:41:51,2019-07-26 20:16:43,2019-07-26 20:16:43
czoanettic@people.com.cn,xI5bo9,Candie,Zoanetti,"Morbi vestibulum, velit id pretium iaculis, diam erat fermentum justo, nec condimentum neque sapien placerat ante. Nulla justo. Aliquam quis turpis eget elit sodales scelerisque. Mauris sit amet eros.",1983-07-16,,,,382,111,2019-09-18 10:07:18,2019-08-12 09:59:51,2019-08-12 09:59:51
malwind@digg.com,3v6pwET9,Merline,Alwin,"In hac habitasse platea dictumst. Aliquam augue quam, sollicitudin vitae, consectetuer eget, rutrum at, lorem. Integer tincidunt ante vel ipsum. Praesent blandit lacinia erat.",1982-05-10,9417524497,,,768,163,2019-10-27 02:29:00,2019-06-02 22:03:30,2019-06-02 22:03:30
dkeale@w3.org,bLqCd3RALA,Dede,Keal,"Morbi quis tortor id nulla ultrices aliquet. Maecenas leo odio, condimentum id, luctus nec, molestie sed, justo. Pellentesque viverra pede ac diam. Cras pellentesque volutpat dui.",1997-02-02,8074675563,,,599,108,2019-11-02 12:46:24,2019-08-10 13:46:58,2019-08-10 13:46:58
esuggettf@nhs.uk,oRLZhJy,Erena,Suggett,"Morbi odio odio, elementum eu, interdum eu, tincidunt in, leo. Maecenas pulvinar lobortis est.",1973-07-28,8984885774,,,291,264,2019-10-18 11:42:36,2019-08-22 21:29:06,2019-08-22 21:29:06
dkearleg@ucoz.com,UG6rYfFnRDF,Doralynne,Kearle,,1996-03-27,3267253723,,,400,250,2019-09-12 04:10:07,2019-06-09 00:49:57,2019-06-09 00:49:57
wschurickeh@google.ru,d441RnQdD87,Wandis,Schuricke,"Proin at turpis a pede posuere nonummy. Integer non velit. Donec diam neque, vestibulum eget, vulputate ut, ultrices vel, augue.",1983-12-26,8669892991,,@aenean,631,150,2019-08-27 18:02:20,2019-07-23 15:46:21,2019-07-23 15:46:21
sbussti@ocn.ne.jp,KpeL1S34R,Sisely,Busst,,1983-02-24,6904061594,,,890,323,2019-09-15 00:48:16,2019-06-22 21:39:41,2019-06-22 21:39:41
ngarcesj@sitemeter.com,4wJH5T,Nicholle,Garces,"Cum sociis natoque penatibus et magnis dis parturient montes, nascetur ridiculus mus.",1982-02-07,,y-solowarm,,478,43,2019-09-02 16:28:31,2019-08-01 03:33:34,2019-08-01 03:33:34